{"cameraMode":{"drawMode":0,"name":"Shaded","section":"Shading Mode"},"sceneLighting":true,"audioPlay":false,"sceneViewState":{"m_AlwaysRefresh":false,"showFog":true,"showSkybox":true,"showFlares":true,"showImageEffects":true,"showParticleSystems":true,"showVisualEffectGraphs":true,"m_FxEnabled":true},"in2DMode":false,"pivot":{"x":-0.00035700201988220215,"y":0.22249799966812135,"z":-0.15077853202819825},"rotation":{"x":-0.18551892042160035,"y":0.30999287962913515,"z":-0.06180725619196892,"w":-0.9304479360580444},"size":12.441978454589844,"orthographic":false}