{"cameraMode":{"drawMode":0,"name":"Shaded","section":"Shading Mode"},"sceneLighting":true,"audioPlay":false,"sceneViewState":{"m_AlwaysRefresh":false,"showFog":true,"showSkybox":true,"showFlares":true,"showImageEffects":true,"showParticleSystems":true,"showVisualEffectGraphs":true,"m_FxEnabled":true},"in2DMode":false,"pivot":{"x":0.6850290298461914,"y":-0.220428466796875,"z":0.22488397359848023},"rotation":{"x":-0.040056150406599048,"y":0.8670960068702698,"z":-0.07065475732088089,"w":-0.4915260374546051},"size":3.3606209754943849,"orthographic":false}