{"cameraMode":{"drawMode":0,"name":"Shaded","section":"Shading Mode"},"sceneLighting":true,"audioPlay":false,"sceneViewState":{"m_AlwaysRefresh":false,"showFog":true,"showSkybox":true,"showFlares":true,"showImageEffects":true,"showParticleSystems":true,"showVisualEffectGraphs":true,"m_FxEnabled":true},"in2DMode":false,"pivot":{"x":0.2653268873691559,"y":-0.7611098885536194,"z":-0.032074276357889178},"rotation":{"x":-0.1755559891462326,"y":0.15784989297389985,"z":-0.02853550761938095,"w":-0.9713464379310608},"size":8.439751625061036,"orthographic":false}