{"cameraMode":{"drawMode":0,"name":"Shaded","section":"Shading Mode"},"sceneLighting":true,"audioPlay":false,"sceneViewState":{"m_AlwaysRefresh":false,"showFog":true,"showSkybox":true,"showFlares":true,"showImageEffects":true,"showParticleSystems":true,"showVisualEffectGraphs":true,"m_FxEnabled":true},"in2DMode":false,"pivot":{"x":-0.00035700201988220215,"y":0.22249799966812135,"z":-0.15077853202819825},"rotation":{"x":-0.17905575037002564,"y":0.36133837699890139,"z":-0.07094763219356537,"w":-0.9123585224151611},"size":4.93853235244751,"orthographic":false}