{"cameraMode":{"drawMode":0,"name":"Shaded","section":"Shading Mode"},"sceneLighting":false,"audioPlay":false,"sceneViewState":{"m_AlwaysRefresh":false,"showFog":true,"showSkybox":false,"showFlares":true,"showImageEffects":true,"showParticleSystems":true,"showVisualEffectGraphs":true,"m_FxEnabled":true},"in2DMode":false,"pivot":{"x":0.14886701107025147,"y":0.7474979758262634,"z":-0.20927900075912476},"rotation":{"x":-0.2342761605978012,"y":0.3483258783817291,"z":-0.09035935997962952,"w":-0.9031546711921692},"size":0.9737173914909363,"orthographic":false}